price,Close,High,Low,Volume,Date
4150,4100,4200,4100,,04/14/23
4100,4100,4100,4100,,04/13/23
4200,4170,4203,4170,,04/12/23
4329,4280,4344,4300,,04/11/23
4218,4327,4349,4214,,04/10/23
4226,4220,4231,4178,,04/07/23
4232,4191,4245,4189,,04/06/23
4190,4205,4206,4190,,04/05/23
4215,4242,4237,4207,,04/04/23
4122,4169,4175,4105,,04/03/23
4125,4058,4132,4010,,03/31/23
4015,4112,4112,4010,,03/30/23
3990,4030,4034,3958,,03/29/23
3896,4011,4013,3880,,03/28/23
3783,3884,3889,3762,,03/27/23
3760,3751,3869,3695,,03/24/23
3842,3750,3847,3737,,03/23/23
3949,3835,3962,3803,,03/22/23
3964,3937,4006,3915,,03/21/23
4035,3935,4035,3918,,03/20/23
4083,4071,4154,4044,,03/17/23
4110,4139,4130,4110,,03/13/23
4185,4170,4185,4127,,03/10/23
4194,4166,4194,4160,,03/09/23
4218,4175,4227,4173,,03/08/23
4246,4199,4282,4190,,03/07/23
4246,4250,4260,4246,,03/06/23
4301,4318,4325,4270,,03/03/23
4210,4270,4300,4210,,03/02/23
4123,4146,4174,4120,,03/01/23
4145,4113,4156,4111,,02/28/23
4138,4184,4191,4109,,02/27/23
4183,4156,4210,4145,,02/24/23
4140,4190,4191,4120,,02/23/23
4106,4099,4175,4092,,02/22/23
4150,4097,4150,4080,,02/21/23
4110,4121,4150,4099,,02/20/23
4055,4095,4122,4055,,02/17/23
3918,3884,3920,3900,,02/14/23
3886,3850,3910,3810,,02/13/23
3807,3806,3900,3783,,02/10/23
3860,3832,3861,3806,,02/09/23
3822,3820,3900,3815,,02/08/23
3817,3818,3850,3805,,02/07/23
3650,3725,3725,3640,,02/03/23
3680,3652,3698,3620,,02/02/23
3859,3720,3860,3700,,01/31/23
3950,3850,3955,3840,,01/30/23
3783,3874,3880,3783,,01/27/23
3760,3778,3809,3729,,01/26/23
3806,3754,3812,3720,,01/25/23
3876,3885,3932,3858,,01/20/23
3864,3887,3907,3850,,01/19/23
3816,3859,3884,3805,,01/18/23
3847,3790,3860,3781,,01/17/23
3888,3846,3890,3841,,01/16/23
3800,3823,3810,3800,,01/12/23
3815,3823,3815,3800,,01/11/23
3868,3887,3910,3815,,01/10/23
3955,4020,4000,3895,,01/09/23
4081,3981,4098,3934,,01/06/23
4168,4080,4168,4070,,01/05/23
4223,4210,4240,4161,,01/04/23
4150,4265,4265,4150,,01/03/23
4095,4171,4225,4060,,12/30/22
4043,4078,4086,4000,,12/29/22
4060,4069,4102,4042,,12/28/22
3950,4065,4085,3950,,12/27/22
3822,3802,3833,3791,,12/23/22
3925,3863,3939,3818,,12/22/22
3821,3914,3935,3819,,12/21/22
3890,3839,3931,3813,,12/20/22
3904,3882,3920,3855,,12/19/22
3850,3885,3900,3850,,12/14/22
3780,3678,3780,3680,,12/12/22
3900,3924,3900,3900,,12/09/22
3960,3886,3960,3860,,12/08/22
4020,3911,4020,3890,,12/07/22
3825,4039,4040,3820,,12/06/22
3890,3903,3925,3865,,12/05/22
4020,3905,4020,3900,,12/02/22
4072,3996,4080,3980,,12/01/22
4120,4099,4145,4070,,11/30/22
4123,4098,4174,4092,,11/29/22
4047,4060,4075,3973,,11/25/22
4000,3989,4105,3985,,11/24/22
3976,4036,4050,3917,,11/23/22
3835,3949,3960,3776,,11/22/22
3796,3815,3854,3750,,11/21/22
3900,3791,3900,3746,,11/17/22
3993,3987,3993,3993,,11/14/22
4142,4109,4142,4020,,11/10/22
4200,4145,4207,4120,,11/09/22
4230,4254,4260,4190,,11/08/22
4200,4260,4270,4176,,11/07/22
4200,4182,4230,4127,,11/04/22
4200,4153,4226,4120,,11/03/22
4091,4193,4228,4082,,11/02/22
3858,4048,4081,3858,,11/01/22
3915,3858,3968,3795,,10/31/22
3903,3826,3903,3750,,10/28/22
3929,3924,4030,3919,,10/27/22
3953,3904,4026,3853,,10/26/22
4062,3964,4095,3958,,10/25/22
4003,3979,4047,3920,,10/21/22
4001,3995,4077,3964,,10/20/22
3979,4021,4063,3934,,10/19/22
3841,3933,3994,3806,,10/18/22
3778,3801,3813,3692,,10/17/22
3650,3650,3650,3650,,10/14/22
3550,3530,3550,3550,,10/13/22
3540,3484,3540,3508,,10/11/22
3593,3630,3631,3560,,10/07/22
3625,3589,3650,3585,,10/06/22
3620,3532,3620,3509,,10/05/22
3347,3501,3490,3345,,10/04/22
3307,3320,3319,3300,,10/03/22
3330,3327,3357,3300,,09/30/22
3214,3278,3321,3186,,09/29/22
3460,3144,3480,3143,,09/28/22
3488,3463,3510,3405,,09/27/22
3550,3481,3566,3372,,09/26/22
3768,3673,3768,3668,,09/23/22
3713,3761,3805,3713,,09/22/22
3653,3807,3840,3600,,09/21/22
3614,3676,3720,3560,,09/20/22
3722,3606,3770,3586,,09/19/22
3560,3700,3750,3560,,09/14/22
3680,3759,3750,3680,,09/13/22
3530,3550,3530,3530,,09/12/22
3450,3438,3481,3450,,09/08/22
3625,3600,3630,3615,,09/07/22
3815,3705,3815,3725,,09/06/22
3820,3822,3859,3815,,09/05/22
3910,3830,3910,3793,,09/02/22
4000,3860,4030,3886,,09/01/22
4090,4003,4100,3985,,08/30/22
4162,4077,4180,4074,,08/29/22
4240,4149,4280,4141,,08/26/22
4304,4239,4305,4212,,08/25/22
4219,4290,4330,4092,,08/24/22
4138,4227,4236,4111,,08/23/22
4250,4163,4250,4140,,08/22/22
4090,4090,4189,4070,,08/19/22
4114,4059,4130,4049,,08/18/22
4195,4166,4221,4117,,08/17/22
4300,4432,4430,4300,,08/12/22
4210,4300,4225,4192,,08/11/22
4134,4191,4192,4134,,08/10/22
4170,4170,4180,4170,,08/09/22
4100,4135,4140,4100,,08/08/22
4000,4020,4020,4000,,08/05/22
3930,3940,3940,3909,,08/04/22
4042,3985,4070,4042,,08/03/22
3941,3943,4020,3941,,08/02/22
4100,4093,4174,4073,,08/01/22
4050,4355,4360,4050,,07/29/22
3911,4030,4096,3911,,07/28/22
3751,3907,3935,3750,,07/27/22
3800,3860,3956,3787,,07/26/22
3728,3706,3837,3696,,07/25/22
3725,3727,3799,3667,,07/22/22
3904,3707,3921,3680,,07/21/22
3795,3913,3984,3795,,07/20/22
3992,3799,4035,3779,,07/19/22
3688,3887,3913,3648,,07/18/22
3632,3632,3632,3632,,07/15/22
3850,3643,3850,3850,,07/14/22
4100,3850,4100,3850,,07/13/22
4340,4137,4340,4137,,07/08/22
3946,4129,3946,3946,,07/07/22
3900,4073,3965,3850,,07/06/22
4497,4199,4497,4197,,07/05/22
4812,4460,4812,4401,,07/04/22
5001,4886,5001,4737,,07/01/22
5101,5088,5148,5050,,06/30/22
5125,5069,5148,5037,,06/29/22
5014,5159,5201,4959,,06/28/22
4887,5049,5105,4833,,06/27/22
4899,4798,5018,4683,,06/24/22
4740,4870,4896,4660,,06/23/22
5175,4688,5211,4682,,06/22/22
5186,5210,5348,5114,,06/21/22
5460,5261,5495,5242,,06/20/22
5663,5679,5695,5566,,06/17/22
6000,6000,6000,6000,,06/15/22
6100,6154,6219,6099,,06/14/22
6044,6130,6150,6044,,06/13/22
6600,6281,6640,6350,,06/10/22
6846,6590,6846,6580,,06/09/22
6700,6740,6740,6700,,06/08/22
6750,6760,6813,6750,,06/07/22
6885,6704,6885,6665,,06/03/22
6700,6748,6808,6690,,06/02/22
6632,6646,6675,6580,,06/01/22
6784,6607,6830,6536,,05/31/22
6830,6710,6854,6700,,05/30/22
7047,6879,7230,6877,,05/27/22
6934,7087,7128,6871,,05/26/22
7065,6960,7065,6922,,05/25/22
6822,7054,7100,6801,,05/24/22
6705,6834,6840,6703,,05/23/22
6525,6689,6880,6400,,05/20/22
6705,6647,6715,6575,,05/19/22
6703,6694,6731,6655,,05/18/22
6950,6990,6999,6910,,05/12/22
6920,7153,7204,6908,,05/11/22
6950,6953,7000,6900,,05/10/22
7050,7035,7100,7000,,05/09/22
7348,7058,7348,6945,,05/06/22
7470,7683,7817,7470,,04/29/22
7660,7496,7660,7345,,04/28/22
7160,7757,7518,7080,,04/27/22
6997,7079,7100,6997,,04/26/22
7020,6972,7500,6820,,04/25/22
6750,6871,6910,6726,,04/22/22
6797,6808,6850,6797,,04/21/22
6900,6781,6923,6720,,04/20/22
6701,6858,6868,6691,,04/18/22
6900,6820,6900,6810,,04/14/22
6780,6833,6780,6780,,04/13/22
6800,6890,6890,6800,,04/12/22
6700,6765,6800,6700,,04/11/22
6590,6681,6700,6540,,04/08/22
6582,6610,6658,6530,,04/07/22
6445,6664,6699,6445,,04/06/22
6391,6581,6600,6391,,04/05/22
6380,6367,6425,6321,,04/04/22
6353,6363,6383,6177,,04/01/22
6495,6391,6513,6353,,03/31/22
6509,6538,6600,6468,,03/30/22
6522,6631,6670,6445,,03/29/22
6629,6579,6630,6560,,03/28/22
6564,6616,6619,6500,,03/25/22
6772,6514,6810,6496,,03/24/22
6450,6704,6710,6440,,03/23/22
6322,6471,6472,6304,,03/22/22
6188,6250,6400,6151,,03/21/22
6571,6116,6749,6105,,03/18/22
6901,6553,6901,6215,,03/17/22
6743,6899,6900,6685,,03/16/22
7280,7280,7280,7280,,03/15/22
7000,6986,7000,6900,,03/14/22
7525,7365,7542,7390,,03/11/22
7700,7680,7720,7665,,03/10/22
7003,7621,7800,7003,,03/09/22
7000,7003,7100,6985,,03/08/22
7000,7225,7100,6950,,03/07/22
7300,6780,7300,6724,,03/04/22
8000,7450,8000,7350,,03/03/22
8200,7821,8757,7780,,03/02/22
7365,8163,8170,7365,,03/01/22
6890,7451,7530,6890,,02/28/22
6912,6718,6993,6600,,02/25/22
6520,7087,7093,6520,,02/24/22
6275,6506,6530,6274,,02/23/22
6160,6354,6357,6160,,02/22/22
6100,6177,6200,6100,,02/21/22
6000,6008,6075,5986,,02/18/22
5845,5967,5970,5807,,02/17/22
5900,5865,5950,5860,,02/15/22
5870,5935,5999,5870,,02/14/22
5830,5800,5830,5800,,02/11/22
5737,5740,5760,5737,,02/10/22
5455,5765,5768,5455,,02/09/22
5550,5566,5550,5495,,02/08/22
5760,5652,5765,5600,,02/07/22
5740,5779,5780,5740,,02/04/22
5680,5714,5730,5675,,02/03/22
5840,5785,5840,5770,,01/31/22
5653,5803,5810,5598,,01/28/22
5550,5613,5664,5550,,01/27/22
5434,5506,5520,5430,,01/26/22
5430,5454,5455,5390,,01/25/22
5500,5438,5550,5413,,01/24/22
5399,5504,5510,5387,,01/21/22
5365,5400,5420,5365,,01/20/22
5426,5353,5467,5340,,01/19/22
5260,5320,5324,5232,,01/17/22
5300,5300,5300,5300,,01/14/22
5300,5330,5320,5300,,01/13/22
5300,5260,5314,5240,,01/12/22
5250,5300,5300,5250,,01/11/22
5333,5366,5430,5302,,01/10/22
5397,5330,5415,5330,,01/07/22
5434,5387,5449,5309,,01/06/22
5361,5437,5446,5350,,01/05/22
5217,5308,5320,5217,,01/04/22
5260,5259,5300,5258,,01/03/22
5140,5159,5180,5136,,12/31/21
5175,5150,5190,5128,,12/30/21
5200,5157,5200,5130,,12/29/21
5120,5217,5255,5100,,12/28/21
5130,5085,5149,5079,,12/27/21
4958,5121,5125,4955,,12/24/21
4950,4962,4984,4937,,12/23/21
4865,4931,4966,4863,,12/22/21
4830,4853,4865,4820,,12/21/21
4878,4757,4878,4755,,12/20/21
4918,4879,5010,4870,,12/17/21
4840,4800,4840,4800,,12/15/21
5230,5152,5230,5128,,12/14/21
5250,5238,5274,5218,,12/13/21
5210,5242,5266,5180,,12/10/21
5250,5210,5293,5204,,12/09/21
5250,5255,5270,5200,,12/08/21
5250,5245,5320,5250,,12/07/21
5217,5175,5217,5125,,12/02/21
5217,5225,5250,5209,,12/01/21
5188,5188,5285,5140,,11/30/21
5315,5282,5350,5250,,11/29/21
5332,5269,5332,5255,,11/26/21
5345,5335,5385,5330,,11/25/21
5345,5344,5355,5284,,11/24/21
5437,5289,5442,5286,,11/23/21
5380,5396,5403,5350,,11/22/21
5435,5437,5500,5435,,11/19/21
5311,5446,5459,5281,,11/18/21
5306,5325,5335,5267,,11/17/21
5288,5245,5310,5236,,11/16/21
5375,5390,5420,5375,,11/15/21
5420,5405,5430,5375,,11/12/21
5365,5360,5410,5338,,11/11/21
5286,5398,5400,5280,,11/10/21
5220,5260,5260,5200,,11/09/21
5254,5329,5345,5254,,11/08/21
5336,5319,5356,5316,,11/05/21
5400,5446,5475,5400,,11/03/21
5415,5400,5415,5340,,11/02/21
5400,5396,5420,5320,,11/01/21
5360,5402,5440,5360,,10/29/21
5204,5310,5310,5180,,10/28/21
5256,5300,5320,5250,,10/27/21
5315,5323,5336,5250,,10/26/21
5240,5244,5290,5223,,10/25/21
5095,5188,5189,5070,,10/22/21
5408,5209,5440,5175,,10/21/21
5190,5300,5315,5188,,10/20/21
5094,5175,5180,5094,,10/18/21
5160,5099,5160,5160,,10/15/21
5145,5160,5155,5120,,10/14/21
5150,5259,5150,5150,,10/13/21
5084,5096,5146,5080,,10/12/21
5135,5155,5170,5122,,10/11/21
5036,5152,5139,5009,,10/08/21
5010,5036,5037,5000,,10/07/21
5019,5067,5096,5019,,10/06/21
4851,4975,5000,4850,,10/05/21
4781,4838,4845,4781,,10/04/21
4791,4751,4810,4747,,10/01/21
4760,4833,4848,4739,,09/30/21
4657,4710,4735,4630,,09/29/21
4600,4688,4710,4576,,09/28/21
4700,4629,4707,4600,,09/27/21
4648,4665,4705,4638,,09/24/21
4608,4658,4670,4580,,09/23/21
4500,4579,4598,4500,,09/22/21
4400,4470,4473,4400,,09/21/21
4430,4443,4495,4400,,09/20/21
4550,4518,4550,4445,,09/17/21
4700,4700,4700,4700,,09/15/21
4600,4631,4680,4600,,09/14/21
4610,4617,4670,4590,,09/13/21
4620,4574,4630,4550,,09/10/21
4660,4650,4700,4660,,09/09/21
4630,4720,4769,4630,,09/08/21
4540,4625,4625,4538,,09/07/21
4541,4552,4595,4540,,09/06/21
4550,4550,4580,4546,,09/03/21
4428,4478,4500,4420,,09/02/21
4441,4448,4538,4441,,09/01/21
4581,4500,4595,4487,,08/30/21
4550,4560,4600,4550,,08/27/21
4595,4599,4619,4540,,08/26/21
4555,4589,4597,4525,,08/25/21
4500,4529,4560,4500,,08/24/21
4419,4552,4590,4419,,08/23/21
4500,4514,4550,4448,,08/20/21
4570,4505,4616,4492,,08/19/21
4555,4552,4592,4524,,08/18/21
4710,4635,4740,4589,,08/17/21
4647,4663,4715,4635,,08/16/21
4530,4610,4530,4518,,08/13/21
4580,4584,4655,4580,,08/12/21
4506,4642,4625,4506,,08/11/21
4508,4453,4520,4453,,08/09/21
4515,4520,4520,4450,,08/06/21
4536,4526,4551,4520,,08/05/21
4480,4630,4634,4480,,08/04/21
4465,4489,4495,4450,,08/03/21
4490,4445,4490,4430,,08/02/21
4695,4656,4740,4651,,07/30/21
4640,4673,4722,4640,,07/29/21
4674,4590,4699,4562,,07/28/21
4665,4689,4720,4630,,07/27/21
4523,4630,4658,4489,,07/26/21
4440,4542,4586,4440,,07/23/21
4359,4432,4450,4351,,07/22/21
4370,4395,4400,4300,,07/21/21
4343,4339,4343,4301,,07/19/21
4227,4300,4317,4205,,07/16/21
4150,4149,4150,4149,,07/15/21
4100,4094,4130,4042,,07/14/21
4014,4048,4050,4014,,07/13/21
3985,3989,4010,3985,,07/12/21
4000,4020,4020,4000,,07/09/21
3910,3920,3950,3895,,07/08/21
3913,3936,3943,3870,,07/07/21
4020,3947,4040,3946,,07/06/21
3887,3972,3980,3880,,07/05/21
3840,3898,3910,3825,,07/02/21
3950,3842,3950,3815,,07/01/21
3823,3782,3863,3780,,06/30/21
3670,3750,3766,3662,,06/29/21
3620,3700,3714,3620,,06/28/21
3626,3702,3707,3605,,06/25/21
3593,3605,3650,3565,,06/24/21
3640,3615,3708,3602,,06/23/21
3605,3556,3647,3550,,06/22/21
3580,3565,3608,3530,,06/21/21
3457,3593,3615,3434,,06/18/21
3510,3549,3573,3490,,06/17/21
3590,3566,3600,3510,,06/16/21
4060,4050,4080,4020,,06/10/21
4108,4090,4108,4085,,06/09/21
4150,4180,4182,4058,,06/08/21
4183,4230,4240,4183,,06/04/21
4269,4262,4300,4227,,06/03/21
4045,4166,4176,4028,,06/02/21
4130,4018,4130,3990,,06/01/21
4284,4024,4290,4010,,05/31/21
4378,4301,4378,4300,,05/28/21
4377,4266,4380,4237,,05/27/21
4320,4371,4385,4306,,05/25/21
4330,4232,4367,4196,,05/24/21
4408,4391,4491,4371,,05/21/21
4591,4464,4656,4450,,05/20/21
4729,4669,4741,4648,,05/19/21
4783,4829,4839,4727,,05/18/21
4724,4687,4747,4670,,05/17/21
4850,4749,4851,4710,,05/12/21
4840,4788,4923,4820,,05/11/21
4810,4860,4860,4785,,05/10/21
4851,4883,4885,4820,,05/07/21
4648,4718,4731,4648,,05/06/21
4606,4598,4620,4588,,05/05/21
4528,4594,4620,4528,,05/04/21
4578,4593,4615,4520,,05/03/21
4471,4408,4471,4382,,04/30/21
4377,4421,4435,4350,,04/28/21
4373,4500,4504,4366,,04/27/21
4419,4341,4429,4299,,04/26/21
4488,4351,4500,4350,,04/23/21
4402,4420,4463,4390,,04/22/21
4272,4341,4399,4270,,04/21/21
4163,4231,4232,4160,,04/20/21
4181,4180,4185,4147,,04/19/21
4160,4191,4215,4160,,04/16/21
4180,4200,4230,4180,,04/15/21
4225,4200,4230,4180,,04/14/21
4200,4245,4300,4180,,04/13/21
4225,4235,4275,4225,,04/12/21
4340,4280,4370,4260,,04/09/21
4270,4244,4365,4211,,04/08/21
4257,4282,4290,4215,,04/07/21
4180,4211,4230,4155,,04/06/21
4165,4164,4182,4135,,04/05/21
4112,4147,4160,4100,,04/02/21
4104,4151,4155,4098,,04/01/21
3964,4061,4090,3963,,03/31/21
4070,4019,4080,4015,,03/30/21
4000,4123,4125,3954,,03/29/21
4052,4025,4078,4000,,03/26/21
4228,4160,4228,4128,,03/25/21
4211,4220,4241,4166,,03/24/21
4210,4233,4305,4210,,03/23/21
4022,4138,4144,4010,,03/22/21
4010,4013,4030,3972,,03/19/21
4152,4080,4162,4072,,03/18/21
4161,4200,4236,4149,,03/17/21
4257,4170,4277,4166,,03/16/21
4290,4283,4330,4290,,03/12/21
4120,4220,4210,4120,,03/11/21
4090,4122,4120,4080,,03/10/21
4070,4075,4085,4035,,03/09/21
4040,4070,4093,4020,,03/08/21
3945,3947,3990,3928,,03/05/21
3917,3939,3951,3917,,03/04/21
3850,3900,3901,3847,,03/03/21
3929,3903,3929,3886,,03/02/21
4027,3943,4050,3932,,03/01/21
3989,3986,4005,3968,,02/26/21
4035,4034,4056,3960,,02/25/21
4031,3927,4035,3920,,02/24/21
3990,4007,4021,3973,,02/23/21
3995,3945,3995,3940,,02/22/21
3882,3914,3949,3882,,02/19/21
3962,3882,3972,3868,,02/18/21
3991,4015,4025,3990,,02/17/21
3932,3938,3995,3916,,02/16/21
3930,3925,3952,3925,,02/15/21
3937,3898,3945,3937,,02/11/21
3924,3955,3955,3895,,02/10/21
3950,3921,3960,3918,,02/09/21
3925,3881,3925,3850,,02/08/21
3859,3914,4010,3859,,02/05/21
3709,3815,3903,3709,,02/04/21
3780,3709,3783,3690,,02/03/21
3890,3892,3960,3877,,02/02/21
3810,3935,3935,3810,,01/29/21
3651,3775,3780,3611,,01/27/21
3596,3606,3616,3530,,01/26/21
3529,3550,3608,3529,,01/25/21
3523,3583,3595,3520,,01/22/21
3500,3551,3560,3500,,01/21/21
3518,3470,3518,3435,,01/20/21
3600,3506,3639,3494,,01/19/21
3640,3639,3659,3553,,01/18/21
3823,3616,3823,3815,,01/15/21
3900,3732,3900,3750,,01/14/21
3930,3889,3930,3900,,01/13/21
3938,3880,3953,3900,,01/12/21
3968,3970,3980,3920,,01/11/21
3960,3997,3972,3959,,01/08/21
4003,3968,4016,3970,,01/07/21
3960,4040,4040,3952,,01/06/21
3918,3966,3967,3905,,01/05/21
3950,3950,3955,3909,,01/04/21
3882,3891,3900,3856,,12/31/20
3852,3878,3890,3849,,12/30/20
3819,3835,3837,3810,,12/29/20
3849,3834,3849,3800,,12/28/20
3813,3854,3877,3813,,12/24/20
3640,3806,3808,3640,,12/23/20
3661,3664,3680,3613,,12/22/20
3656,3646,3672,3645,,12/21/20
3629,3663,3669,3607,,12/18/20
3611,3605,3632,3549,,12/17/20
3612,3590,3642,3587,,12/16/20
3750,3740,3750,3750,,12/15/20
3660,3740,3750,3660,,12/14/20
3704,3709,3722,3698,,12/11/20
3637,3689,3710,3637,,12/10/20
3630,3636,3650,3628,,12/09/20
3670,3651,3700,3660,,12/08/20
3674,3651,3705,3635,,12/07/20
3530,3645,3695,3530,,12/04/20
3500,3504,3500,3492,,12/03/20
3485,3479,3499,3474,,12/02/20
3438,3506,3520,3435,,12/01/20
3468,3449,3485,3420,,11/30/20
3468,3505,3505,3404,,11/27/20
3491,3420,3491,3397,,11/26/20
3475,3480,3488,3440,,11/25/20
3464,3448,3497,3438,,11/24/20
3450,3518,3520,3390,,11/23/20
3580,3483,3580,3480,,11/20/20
3595,3538,3627,3520,,11/19/20
3490,3565,3567,3480,,11/18/20
3524,3486,3545,3475,,11/17/20
3487,3495,3523,3487,,11/16/20
3451,3549,3510,3451,,11/12/20
3450,3494,3458,3410,,11/11/20
3445,3444,3445,3421,,11/10/20
3405,3440,3450,3387,,11/09/20
3475,3405,3475,3405,,11/06/20
3398,3441,3441,3396,,11/05/20
3360,3390,3415,3360,,11/04/20
3300,3353,3359,3300,,11/03/20
3181,3265,3266,3181,,11/02/20
3305,3252,3345,3227,,10/30/20
3211,3259,3370,3211,,10/28/20
3200,3237,3242,3183,,10/27/20
3120,3224,3233,3117,,10/26/20
3075,3064,3078,3020,,10/23/20
2998,3060,3062,2998,,10/22/20
3020,3008,3055,3001,,10/21/20
2892,2980,2980,2892,,10/20/20
2958,2888,2958,2879,,10/19/20
2964,2985,3000,2960,,10/16/20
3060,3060,3060,3060,,10/12/20
3010,3020,3028,3000,,10/09/20
2980,3000,3008,2980,,10/08/20
2948,2990,2990,2948,,10/07/20
2900,2947,2913,2895,,10/06/20
2850,2847,2850,2823,,10/05/20
2850,2846,2880,2838,,10/02/20
2890,2920,2950,2880,,10/01/20
2850,2839,2876,2829,,09/30/20
2935,2906,2964,2897,,09/29/20
2946,2950,2965,2890,,09/28/20
2855,2930,2941,2850,,09/25/20
2875,2840,2890,2830,,09/24/20
2933,2914,2965,2914,,09/23/20
3008,2994,3008,2936,,09/22/20
3108,3040,3121,3040,,09/21/20
3044,3102,3103,3044,,09/18/20
3016,3005,3045,3002,,09/17/20
2930,2930,2930,2930,,09/15/20
2888,2942,2913,2888,,09/14/20
2875,2880,2880,2874,,09/11/20
2882,2900,2920,2882,,09/09/20
2900,2948,2940,2900,,09/08/20
2930,2900,2935,2900,,09/07/20
2920,2932,2965,2900,,09/04/20
2958,2980,2995,2954,,09/03/20
2862,2922,2940,2862,,09/02/20
2898,2891,2921,2888,,09/01/20
2830,2845,2861,2830,,08/28/20
2755,2784,2796,2754,,08/27/20
2721,2740,2740,2720,,08/26/20
2800,2721,2803,2705,,08/25/20
2790,2770,2803,2750,,08/24/20
2800,2798,2810,2775,,08/21/20
2819,2831,2852,2819,,08/19/20
2749,2813,2821,2735,,08/18/20
2800,2774,2800,2773,,08/17/20
2803,2757,2803,2803,,08/14/20
2950,2880,2950,2875,,08/13/20
2799,2880,2884,2799,,08/12/20
2860,2820,2860,2820,,08/11/20
2850,2868,2868,2850,,08/10/20
2883,2885,2890,2860,,08/07/20
2849,2895,2895,2849,,08/06/20
2891,2845,2891,2850,,08/05/20
2866,2892,2909,2866,,08/04/20
2880,2850,2880,2840,,08/03/20
2740,2780,2783,2740,,07/30/20
2716,2738,2731,2705,,07/29/20
2770,2692,2770,2654,,07/28/20
2866,2784,2881,2784,,07/27/20
2828,2890,2900,2826,,07/24/20
2750,2799,2800,2735,,07/23/20
2770,2745,2789,2739,,07/22/20
2729,2733,2770,2706,,07/21/20
2732,2754,2756,2730,,07/20/20
2656,2699,2702,2647,,07/17/20
2632,2605,2655,2604,,07/16/20
2475,2540,2520,2475,,07/14/20
2413,2467,2480,2413,,07/10/20
2465,2455,2478,2455,,07/09/20
2436,2474,2470,2436,,07/08/20
2420,2423,2427,2410,,07/07/20
2435,2445,2458,2433,,07/06/20
2441,2421,2441,2405,,07/03/20
2410,2423,2424,2410,,07/02/20
2400,2395,2415,2390,,07/01/20
2440,2379,2440,2379,,06/30/20
2411,2428,2430,2396,,06/29/20
2530,2473,2530,2458,,06/26/20
2525,2512,2530,2499,,06/25/20
2530,2542,2551,2530,,06/24/20
2535,2542,2545,2518,,06/23/20
2508,2520,2540,2505,,06/22/20
2490,2538,2538,2488,,06/19/20
2440,2454,2455,2428,,06/18/20
2440,2447,2469,2430,,06/17/20
2451,2455,2460,2406,,06/16/20
2420,2422,2422,2420,,06/15/20
2430,2433,2430,2430,,06/12/20
2425,2403,2425,2425,,06/11/20
2410,2380,2420,2382,,06/10/20
2446,2415,2450,2400,,06/09/20
2410,2405,2440,2395,,06/05/20
2428,2396,2458,2397,,06/04/20
2435,2474,2470,2432,,06/03/20
2386,2460,2460,2386,,06/02/20
2377,2388,2422,2377,,06/01/20
2336,2373,2373,2336,,05/29/20
2343,2334,2371,2320,,05/28/20
2280,2345,2359,2280,,05/27/20
2240,2240,2247,2222,,05/22/20
2232,2276,2276,2211,,05/21/20
2212,2218,2221,2188,,05/20/20
2207,2230,2235,2186,,05/19/20
2149,2186,2196,2149,,05/18/20
2100,2116,2115,2098,,05/15/20
2045,2081,2130,2040,,05/14/20
2060,2070,2060,2060,,05/13/20
2060,2036,2060,2020,,05/12/20
2028,2060,2055,2028,,05/08/20
2014,2000,2020,2000,,05/06/20
2030,2038,2040,2020,,05/05/20
2060,2035,2060,2035,,05/04/20
2101,2102,2114,2090,,04/30/20
2060,2060,2075,2060,,04/29/20
2025,2051,2059,2018,,04/28/20
2129,2121,2130,2097,,04/24/20
2108,2162,2140,2100,,04/23/20
2128,2120,2138,2075,,04/22/20
2230,2113,2230,2065,,04/21/20
2286,2290,2320,2285,,04/20/20
2245,2285,2300,2245,,04/17/20
2305,2249,2305,2249,,04/16/20
2340,2302,2340,2340,,04/13/20
2428,2389,2428,2428,,04/10/20
2430,2383,2430,2400,,04/09/20
2420,2433,2420,2400,,04/08/20
2335,2393,2341,2335,,04/07/20
2365,2320,2365,2335,,04/03/20
2421,2398,2490,2400,,04/02/20
2520,2493,2520,2438,,04/01/20
2530,2550,2530,2475,,03/31/20
2589,2591,2591,2580,,03/30/20
2456,2487,2488,2456,,03/27/20
2406,2420,2420,2406,,03/26/20
2410,2483,2487,2402,,03/25/20
2365,2401,2420,2347,,03/24/20
2296,2348,2360,2295,,03/23/20
2305,2338,2345,2279,,03/20/20
2261,2271,2327,2241,,03/19/20
2441,2321,2507,2300,,03/18/20
2259,2325,2415,2259,,03/17/20
2307,2276,2327,2270,,03/16/20
2320,2302,2420,2320,,03/12/20
2340,2370,2340,2338,,03/11/20
2380,2339,2380,2325,,03/10/20
2328,2336,2344,2328,,03/09/20
2500,2448,2530,2448,,03/06/20
2530,2532,2566,2480,,03/05/20
2388,2501,2502,2388,,03/04/20
2350,2405,2377,2350,,03/03/20
2415,2358,2415,2350,,03/02/20
2450,2357,2450,2350,,02/28/20
2467,2497,2497,2467,,02/27/20
2495,2460,2495,2435,,02/26/20
2560,2480,2573,2480,,02/25/20
2666,2596,2669,2590,,02/24/20
2680,2683,2684,2660,,02/21/20
2664,2669,2669,2598,,02/20/20
2712,2645,2721,2644,,02/19/20
2725,2730,2730,2699,,02/18/20
2710,2725,2735,2699,,02/17/20
2700,2660,2700,2655,,02/14/20
2680,2665,2680,2655,,02/13/20
2700,2736,2720,2695,,02/12/20
2824,2740,2824,2760,,02/11/20
2800,2800,2800,2800,,02/10/20
2903,2872,2903,2903,,02/07/20
2922,2898,2940,2860,,02/06/20
2780,2853,2850,2780,,02/05/20
2709,2717,2750,2691,,02/04/20
2647,2670,2685,2647,,02/03/20
2640,2640,2661,2629,,01/31/20
2730,2684,2730,2654,,01/30/20
2794,2779,2794,2794,,01/29/20
2780,2640,2784,2649,,01/28/20
2979,2925,2979,2931,,01/24/20
3025,2985,3030,2973,,01/23/20
2950,3038,3041,2942,,01/22/20
2966,2960,2970,2910,,01/21/20
2939,2973,2982,2939,,01/20/20
2978,2922,2983,2908,,01/17/20
2959,2968,2994,2955,,01/16/20
3030,3030,3030,3030,,01/15/20
3030,3030,3030,3030,,01/14/20
3035,3131,3132,3035,,01/10/20
3088,3108,3120,3088,,01/09/20
3043,3038,3044,3043,,01/08/20
3061,3038,3090,3040,,01/07/20
3060,3036,3060,3060,,01/06/20
3129,3110,3129,3100,,01/03/20
3060,3125,3125,3046,,01/02/20
3113,3041,3118,3037,,12/31/19
3015,3097,3100,3010,,12/30/19
3010,3035,3058,3006,,12/27/19
2910,2969,2970,2910,,12/26/19
2901,2900,2907,2890,,12/24/19
2907,2901,2907,2893,,12/23/19
2895,2897,2901,2894,,12/20/19
2810,2853,2853,2789,,12/19/19
2844,2835,2846,2776,,12/18/19
2885,2849,2885,2844,,12/17/19
2835,2851,2861,2835,,12/16/19
2833,2816,2833,2775,,12/12/19
2825,2820,2850,2820,,12/10/19
2735,2715,2735,2732,,12/05/19
2662,2673,2700,2662,,12/04/19
2590,2630,2647,2590,,12/02/19
2650,2620,2687,2620,,11/29/19
2598,2637,2631,2570,,11/28/19
2566,2600,2600,2544,,11/27/19
2599,2580,2599,2550,,11/26/19
2645,2650,2663,2645,,11/25/19
2558,2642,2645,2558,,11/22/19
2585,2572,2599,2557,,11/21/19
2553,2588,2599,2553,,11/20/19
2501,2519,2524,2499,,11/19/19
2503,2494,2537,2477,,11/18/19
2550,2580,2550,2550,,11/11/19
2561,2480,2561,2489,,11/07/19
2450,2492,2500,2450,,11/06/19
2500,2454,2500,2444,,11/05/19
2420,2470,2456,2420,,11/04/19
2400,2422,2410,2381,,11/01/19
2381,2444,2444,2381,,10/31/19
2373,2410,2410,2368,,10/30/19
2342,2340,2355,2324,,10/29/19
2305,2309,2340,2284,,10/25/19
2250,2287,2287,2249,,10/24/19
2260,2239,2272,2235,,10/23/19
2202,2236,2236,2184,,10/22/19
2213,2215,2228,2207,,10/21/19
2186,2208,2209,2184,,10/18/19
2195,2192,2210,2186,,10/17/19
2170,2189,2192,2170,,10/16/19
2073,2088,2073,2073,,10/14/19
2140,2140,2150,2121,,10/09/19
2113,2118,2120,2113,,10/08/19
2104,2104,2105,2103,,10/07/19
2086,2086,2107,2086,,10/03/19
2085,2085,2085,2085,,10/02/19
2112,2108,2117,2106,,10/01/19
2074,2078,2084,2067,,09/30/19
2096,2090,2096,2087,,09/27/19
2074,2107,2111,2074,,09/26/19
2087,2084,2087,2075,,09/25/19
2107,2079,2112,2074,,09/24/19
2148,2124,2148,2120,,09/23/19
2173,2161,2173,2158,,09/20/19
2223,2181,2223,2179,,09/19/19
2194,2199,2204,2181,,09/18/19
2223,2213,2230,2212,,09/17/19
2120,2105,2145,2120,,09/12/19
2120,2114,2120,2110,,09/11/19
2130,2133,2130,2120,,09/10/19
2117,2116,2117,2117,,09/06/19
2080,2090,2090,2070,,09/05/19
2100,2100,2100,2100,,09/04/19
2145,2106,2155,2098,,09/03/19
2143,2168,2151,2115,,08/30/19
2165,2155,2165,2140,,08/29/19
2201,2200,2201,2196,,08/28/19
2190,2184,2190,2190,,08/27/19
2250,2213,2253,2220,,08/26/19
2190,2210,2212,2190,,08/23/19
2170,2201,2212,2170,,08/22/19
2121,2163,2161,2112,,08/21/19
2109,2129,2142,2102,,08/20/19
2136,2105,2136,2103,,08/19/19
2163,2143,2165,2130,,08/16/19
2160,2174,2180,2160,,08/14/19
2152,2172,2164,2152,,08/13/19
2140,2141,2142,2140,,08/09/19
2045,2073,2045,2045,,08/08/19
2029,2040,2040,2029,,08/07/19
2023,2037,2031,2023,,08/06/19
2024,2027,2026,2024,,08/05/19
2013,2013,2013,2013,,08/02/19
2000,2015,2010,2000,,08/01/19
2008,2019,2019,2000,,07/31/19
1990,2008,2015,1990,,07/29/19
1970,1996,2000,1970,,07/26/19
1960,1985,1988,1935,,07/25/19
1942,1947,1955,1940,,07/24/19
1917,1932,1934,1911,,07/23/19
1914,1920,1921,1905,,07/22/19
1910,1905,1913,1899,,07/19/19
1909,1916,1918,1906,,07/18/19
1905,1922,1924,1896,,07/17/19
1911,1918,1922,1911,,07/16/19
1900,1900,1900,1900,,07/12/19
1870,1884,1870,1870,,07/10/19
1884,1890,1912,1884,,07/09/19
1893,1891,1972,1893,,07/08/19
1904,1909,1907,1900,,07/05/19
1893,1890,1915,1891,,07/04/19
1901,1894,1915,1894,,07/03/19
1890,1904,1920,1890,,07/02/19
1886,1890,1886,1885,,07/01/19
1874,1865,1882,1860,,06/28/19
1892,1880,1930,1845,,06/27/19
1924,1916,1924,1899,,06/26/19
1967,1948,1972,1935,,06/25/19
1982,1967,1982,1966,,06/24/19
2007,1998,2014,1998,,06/21/19
2007,2004,2012,2000,,06/20/19
2016,2026,2035,1998,,06/19/19
2019,2005,2039,1996,,06/18/19
1995,2023,2026,1993,,06/17/19
2020,2000,2020,2000,,06/14/19
1980,1989,1980,1928,,06/13/19
1975,1986,1990,1975,,06/11/19
2025,2003,2025,2000,,06/07/19
2030,2030,2030,2030,,06/04/19
2013,1994,2030,2003,,06/03/19
2013,2030,2033,2012,,05/31/19
2010,2020,2021,2010,,05/30/19
2040,2044,2047,2036,,05/29/19
1995,2018,2020,1995,,05/28/19
2000,1987,2004,1979,,05/27/19
1965,1976,1980,1960,,05/24/19
1990,1974,1990,1974,,05/23/19
2057,2008,2060,2016,,05/21/19
2071,2049,2072,2040,,05/17/19
2015,2061,2061,2015,,05/16/19
1960,1957,1965,1945,,05/14/19
1946,1920,1950,1943,,05/10/19
1900,1910,1922,1900,,05/09/19
1956,1931,1961,1956,,05/07/19
1935,1919,1979,1923,,05/02/19
2000,1982,2005,1985,,04/30/19
2008,1997,2013,1997,,04/29/19
2015,2013,2024,2011,,04/26/19
2070,2050,2078,2050,,04/25/19
2080,2079,2080,2044,,04/24/19
2070,2079,2080,2066,,04/23/19
2113,2090,2117,2089,,04/22/19
2130,2108,2130,2106,,04/19/19
2118,2107,2122,2096,,04/18/19
2124,2130,2144,2119,,04/17/19
2081,2105,2108,2066,,04/16/19
2100,2100,2100,2100,,04/15/19
2090,2038,2090,2090,,04/12/19
2120,2056,2120,2090,,04/10/19
2160,2120,2162,2160,,04/09/19
2145,2111,2151,2145,,04/08/19
2120,2129,2160,2120,,04/05/19
2079,2100,2100,2079,,04/04/19
2050,2070,2077,2050,,04/03/19
2020,2037,2037,2020,,04/02/19
2000,2009,2010,1996,,04/01/19
2000,2001,2000,1994,,03/29/19
2018,2013,2018,2006,,03/28/19
2035,2031,2035,2007,,03/27/19
2068,2036,2068,2035,,03/26/19
2075,2062,2075,2060,,03/25/19
2075,2090,2092,2075,,03/22/19
2082,2090,2098,2082,,03/21/19
2047,2095,2099,2047,,03/20/19
2020,2060,2075,2018,,03/19/19
2023,2025,2035,2019,,03/18/19
1950,1950,1950,1880,,03/15/19
1950,1980,1980,1950,,03/12/19
2020,1962,2020,1959,,03/11/19
1976,1971,1976,1971,,03/08/19
1990,1973,1995,1980,,03/07/19
1990,2000,1995,1990,,03/06/19
1979,1992,1981,1979,,03/05/19
1980,1978,1980,1978,,03/04/19
1942,1986,2010,1935,,03/01/19
1932,1915,1944,1915,,02/28/19
1981,1920,2039,1908,,02/27/19
1917,1982,2039,1908,,02/26/19
2139,2020,2139,2015,,02/25/19
2156,2138,2158,2132,,02/22/19
2125,2145,2147,2119,,02/21/19
2155,2134,2162,2110,,02/20/19
2220,2155,2223,2153,,02/19/19
2212,2206,2212,2199,,02/18/19
2195,2176,2195,2190,,02/13/19
2197,2181,2197,2190,,02/12/19
2230,2195,2230,2200,,02/11/19
2206,2190,2217,2190,,02/08/19
2227,2216,2238,2217,,02/07/19
2199,2200,2202,2187,,01/31/19
2194,2204,2218,2180,,01/30/19
2229,2194,2229,2182,,01/29/19
2210,2222,2226,2206,,01/28/19
2186,2190,2202,2186,,01/25/19
2190,2200,2201,2190,,01/24/19
2156,2191,2194,2147,,01/23/19
2156,2163,2172,2156,,01/22/19
2142,2142,2147,2134,,01/18/19
2085,2121,2123,2083,,01/17/19
2095,2090,2096,2085,,01/16/19
2130,2130,2130,2130,,01/15/19
2100,2062,2100,2100,,01/14/19
2118,2087,2118,2118,,01/10/19
2100,2109,2128,2100,,01/08/19
2130,2092,2130,2090,,01/07/19
2100,2120,2121,2100,,01/04/19
2090,2090,2095,2090,,01/03/19
2030,2070,2075,2030,,01/02/19
2025,2004,2028,2003,,12/31/18
2023,2013,2027,2007,,12/28/18
2023,2012,2039,2010,,12/27/18
2034,2017,2034,2010,,12/26/18
2092,2055,2103,2055,,12/24/18
2112,2103,2128,2102,,12/21/18
2127,2133,2142,2106,,12/20/18
2066,2139,2140,2060,,12/19/18
1959,2062,2063,1959,,12/18/18
1970,1964,1980,1941,,12/17/18
1832,1835,1880,1828,,12/13/18
1884,1805,1890,1870,,12/11/18
1830,1835,2055,1830,,12/10/18
1777,1793,1782,1777,,12/07/18
1798,1792,1798,1798,,12/06/18
1777,1780,1791,1756,,12/05/18
1823,1800,1835,1786,,12/04/18
1882,1813,1887,1808,,12/03/18
1870,1872,1875,1857,,11/30/18
1850,1867,1875,1837,,11/29/18
1809,1839,1840,1798,,11/28/18
1751,1805,1825,1750,,11/27/18
1895,1785,1895,1827,,11/26/18
1882,1866,1911,1880,,11/23/18
1845,1878,1920,1813,,11/22/18
1800,1822,1845,1780,,11/21/18
1775,1800,1804,1775,,11/19/18
1854,1775,1856,1757,,11/16/18
1950,1929,1980,1950,,11/08/18
1975,1950,1975,1970,,11/07/18
2005,1950,2005,2005,,11/05/18
1942,1985,2009,1942,,11/02/18
1982,1976,1999,1975,,11/01/18
2046,1988,2046,1988,,10/31/18
2060,2057,2061,2039,,10/30/18
2048,2075,2080,2048,,10/29/18
2075,2046,2079,2045,,10/26/18
2099,2071,2099,2068,,10/25/18
2106,2103,2108,2092,,10/24/18
2150,2122,2150,2121,,10/23/18
2124,2145,2145,2124,,10/22/18
2125,2125,2129,2125,,10/19/18
2136,2135,2141,2127,,10/18/18
2140,2156,2159,2140,,10/17/18
2149,2140,2154,2134,,10/16/18
2147,2148,2150,2147,,10/15/18
2108,2113,2116,2103,,10/12/18
2096,2096,2097,2090,,10/11/18
2127,2118,2140,2127,,10/10/18
2107,2125,2121,2107,,10/09/18
2120,2116,2125,2119,,10/08/18
2136,2148,2149,2132,,10/04/18
2081,2127,2132,2081,,10/03/18
2100,2085,2101,2060,,10/02/18
2114,2094,2125,2094,,10/01/18
2104,2118,2112,2090,,09/28/18
2123,2117,2140,2113,,09/27/18
2146,2145,2150,2140,,09/26/18
2132,2148,2149,2122,,09/25/18
2127,2137,2140,2120,,09/24/18
2119,2116,2129,2116,,09/21/18
2130,2118,2136,2108,,09/20/18
2155,2127,2156,2126,,09/19/18
2181,2168,2185,2165,,09/18/18
2205,2206,2219,2205,,09/14/18
2205,2205,2205,2205,,09/13/18
2218,2213,2218,2201,,09/07/18
2233,2224,2233,2223,,09/06/18
2230,2239,2240,2230,,09/05/18
2215,2242,2240,2215,,09/04/18
2187,2209,2207,2187,,09/03/18
2177,2200,2199,2177,,08/30/18
2185,2177,2187,2174,,08/29/18
2177,2189,2196,2172,,08/28/18
2174,2166,2178,2166,,08/27/18
2186,2178,2197,2178,,08/24/18
2204,2205,2215,2202,,08/21/18
2220,2215,2220,2205,,08/20/18
2206,2204,2213,2202,,08/17/18
2174,2191,2193,2167,,08/16/18
2150,2178,2150,2140,,08/14/18
2150,2169,2150,2150,,08/13/18
2217,2220,2249,2210,,08/08/18
2180,2180,2180,2180,,08/06/18
2170,2170,2170,2170,,08/03/18
2150,2146,2150,2150,,08/02/18
2123,2150,2150,2123,,08/01/18
2120,2132,2131,2106,,07/31/18
2140,2129,2140,2128,,07/30/18
2138,2122,2145,2130,,07/27/18
2117,2141,2141,2117,,07/26/18
2105,2103,2115,2090,,07/25/18
2125,2095,2126,2095,,07/24/18
2128,2130,2136,2124,,07/23/18
2173,2180,2179,2158,,07/20/18
2194,2180,2207,2175,,07/19/18
2180,2200,2208,2179,,07/18/18
2153,2162,2163,2149,,07/17/18
2143,2143,2155,2138,,07/16/18
2138,2124,2138,2138,,07/13/18
2180,2138,2190,2170,,07/12/18
2237,2210,2237,2210,,07/10/18
2272,2200,2272,2200,,07/09/18
2270,2255,2270,2250,,07/06/18
2280,2270,2280,2260,,07/05/18
2290,2269,2290,2290,,07/04/18
2287,2287,2300,2282,,07/03/18
2290,2303,2290,2285,,07/02/18
2250,2298,2300,2250,,06/29/18
2305,2325,2325,2293,,06/28/18
2276,2304,2300,2276,,06/27/18
2276,2280,2286,2276,,06/26/18
2263,2295,2295,2261,,06/25/18
2263,2283,2288,2258,,06/22/18
2260,2254,2262,2245,,06/21/18
2266,2261,2267,2250,,06/20/18
2302,2264,2304,2243,,06/19/18
2321,2309,2322,2305,,06/18/18
2300,2319,2300,2300,,06/13/18
2335,2330,2335,2316,,06/12/18
2370,2359,2371,2349,,06/11/18
2382,2378,2391,2370,,06/08/18
2385,2396,2396,2375,,06/07/18
2404,2396,2411,2395,,06/06/18
2386,2405,2407,2384,,06/05/18
2440,2414,2440,2410,,06/04/18
2419,2436,2446,2415,,06/01/18
2417,2427,2435,2406,,05/31/18
2415,2414,2417,2408,,05/28/18
2463,2453,2463,2441,,05/25/18
2478,2474,2481,2473,,05/24/18
2455,2462,2463,2453,,05/23/18
2440,2463,2468,2440,,05/22/18
2451,2433,2463,2427,,05/21/18
2427,2433,2445,2427,,05/18/18
2391,2420,2422,2391,,05/17/18
2419,2404,2422,2397,,05/16/18
2374,2374,2374,2374,,05/15/18
2365,2359,2365,2360,,05/08/18
2354,2365,2354,2354,,05/07/18
2310,2319,2310,2310,,05/04/18
2340,2308,2340,2319,,05/03/18
2370,2324,2371,2323,,04/30/18
2382,2378,2389,2375,,04/27/18
2395,2386,2396,2386,,04/26/18
2400,2391,2404,2390,,04/25/18
2385,2395,2399,2385,,04/24/18
2404,2402,2405,2397,,04/23/18
2397,2410,2420,2385,,04/20/18
2401,2388,2403,2385,,04/19/18
2387,2393,2396,2375,,04/18/18
2360,2392,2419,2349,,04/17/18
2393,2362,2401,2360,,04/16/18
2410,2392,2415,2350,,04/12/18
2470,2436,2479,2470,,04/09/18
2445,2479,2454,2445,,04/06/18
2440,2442,2445,2440,,04/05/18
2415,2428,2415,2410,,04/04/18
2420,2410,2426,2415,,04/03/18
2400,2430,2430,2400,,04/02/18
2400,2380,2405,2380,,03/30/18
2330,2378,2396,2330,,03/29/18
2385,2397,2403,2370,,03/28/18
2398,2400,2398,2395,,03/27/18
2390,2405,2415,2390,,03/26/18
2428,2420,2430,2390,,03/23/18
2466,2445,2466,2430,,03/22/18
2450,2459,2461,2447,,03/21/18
2433,2450,2462,2422,,03/20/18
2434,2433,2442,2426,,03/19/18
2463,2438,2480,2431,,03/16/18
2380,2410,2406,2377,,03/13/18
2405,2390,2405,2365,,03/12/18
2395,2398,2401,2393,,03/09/18
2438,2425,2438,2435,,03/08/18
2490,2491,2493,2480,,03/06/18
2476,2491,2492,2476,,03/05/18
2516,2496,2540,2495,,03/02/18
2563,2564,2578,2563,,03/01/18
2558,2571,2577,2558,,02/28/18
2560,2556,2568,2550,,02/27/18
2558,2555,2573,2545,,02/26/18
2525,2536,2551,2522,,02/23/18
2520,2509,2521,2493,,02/22/18
2527,2510,2530,2499,,02/21/18
2535,2509,2535,2506,,02/20/18
2497,2530,2530,2496,,02/19/18
2505,2518,2505,2505,,02/15/18
2502,2506,2519,2502,,02/14/18
2550,2510,2550,2503,,02/13/18
2530,2541,2555,2529,,02/12/18
2485,2495,2505,2485,,02/09/18
2474,2501,2502,2474,,02/08/18
2499,2482,2510,2480,,02/07/18
2500,2481,2500,2472,,02/06/18
2451,2500,2501,2451,,02/05/18
2480,2475,2480,2468,,02/02/18
2500,2490,2504,2482,,01/30/18
2500,2514,2519,2500,,01/29/18
2502,2482,2502,2479,,01/26/18
2508,2490,2514,2490,,01/25/18
2491,2512,2514,2491,,01/24/18
2450,2488,2503,2444,,01/23/18
2447,2465,2468,2447,,01/22/18
2446,2435,2452,2428,,01/19/18
2467,2465,2495,2457,,01/18/18
2492,2478,2493,2467,,01/17/18
2535,2504,2535,2495,,01/16/18
2530,2474,2530,2510,,01/12/18
2557,2509,2557,2534,,01/11/18
2546,2568,2570,2546,,01/10/18
2563,2562,2591,2563,,01/09/18
2541,2590,2572,2530,,01/08/18
2554,2570,2561,2527,,01/05/18
2538,2542,2551,2533,,01/04/18
2476,2555,2555,2476,,01/03/18
2466,2472,2481,2466,,01/02/18
2430,2444,2441,2415,,12/29/17
2440,2459,2468,2440,,12/28/17
2443,2474,2474,2443,,12/27/17
2400,2438,2439,2397,,12/26/17
2403,2407,2410,2382,,12/22/17
2428,2411,2428,2405,,12/21/17
2479,2450,2479,2450,,12/20/17
2454,2469,2471,2440,,12/19/17
2479,2468,2479,2458,,12/18/17
2376,2346,2376,2325,,12/15/17
2310,2340,2320,2300,,12/14/17
2350,2349,2356,2330,,12/13/17
2378,2365,2395,2362,,12/12/17
2375,2350,2375,2350,,12/11/17
2425,2379,2435,2386,,12/08/17
2435,2410,2441,2418,,12/07/17
2455,2435,2460,2445,,12/06/17
2455,2456,2456,2445,,12/05/17
2519,2480,2519,2480,,12/04/17
2503,2495,2503,2479,,11/30/17
2460,2468,2470,2450,,11/29/17
2500,2470,2500,2470,,11/28/17
2525,2495,2525,2475,,11/27/17
2538,2545,2555,2535,,11/24/17
2563,2530,2563,2530,,11/23/17
2585,2585,2586,2560,,11/22/17
2585,2580,2585,2550,,11/21/17
2659,2592,2659,2590,,11/20/17
2698,2680,2701,2676,,11/17/17
2721,2706,2721,2688,,11/16/17
2710,2695,2710,2710,,11/15/17
2770,2702,2770,2750,,11/13/17
2730,2740,2769,2730,,11/10/17
2784,2747,2784,2745,,11/09/17
2767,2772,2772,2760,,11/08/17
2790,2759,2794,2723,,11/07/17
2765,2772,2788,2764,,11/06/17
2793,2784,2800,2775,,11/03/17
2810,2798,2811,2797,,11/02/17
2810,2804,2810,2781,,11/01/17
2798,2791,2798,2783,,10/31/17
2825,2806,2828,2807,,10/30/17
2796,2786,2808,2786,,10/27/17
2782,2785,2790,2779,,10/26/17
2759,2779,2785,2752,,10/25/17
2780,2752,2780,2752,,10/24/17
2732,2767,2769,2731,,10/23/17
2716,2724,2729,2709,,10/20/17
2730,2714,2732,2700,,10/19/17
2753,2734,2758,2730,,10/17/17
2751,2755,2755,2743,,10/16/17
2720,2716,2730,2720,,10/12/17
2670,2700,2670,2670,,10/11/17
2711,2710,2711,2697,,10/10/17
2750,2739,2750,2724,,10/09/17
2735,2741,2736,2730,,10/06/17
2737,2729,2750,2735,,10/05/17
2720,2727,2730,2720,,10/04/17
2690,2704,2705,2690,,10/03/17
2710,2689,2725,2689,,10/02/17
2726,2719,2733,2707,,09/29/17
2707,2726,2733,2707,,09/28/17
2730,2759,2769,2730,,09/27/17
2723,2755,2756,2723,,09/26/17
2718,2715,2728,2708,,09/25/17
2750,2748,2792,2747,,09/21/17
2784,2786,2796,2777,,09/20/17
2852,2785,2852,2783,,09/19/17
2885,2834,2885,2831,,09/18/17
2808,2830,2818,2805,,09/12/17
2780,2803,2807,2780,,09/11/17
2757,2771,2775,2750,,09/08/17
2700,2768,2774,2695,,09/07/17
2733,2720,2741,2720,,09/06/17
2671,2740,2740,2671,,09/05/17
2691,2680,2694,2670,,08/30/17
2711,2680,2711,2680,,08/29/17
2746,2723,2746,2716,,08/28/17
2737,2733,2780,2722,,08/25/17
2722,2750,2752,2722,,08/24/17
2722,2723,2730,2706,,08/23/17
2727,2729,2755,2717,,08/22/17
2670,2703,2711,2665,,08/21/17
2655,2675,2680,2636,,08/18/17
2625,2649,2655,2623,,08/17/17
2600,2622,2624,2588,,08/16/17
2635,2663,2661,2630,,08/10/17
2645,2628,2648,2624,,08/09/17
2600,2624,2630,2599,,08/08/17
2593,2581,2608,2585,,08/07/17
2576,2590,2605,2576,,08/04/17
2610,2588,2610,2576,,08/03/17
2635,2630,2637,2611,,08/02/17
2675,2659,2680,2645,,08/01/17
2705,2672,2705,2668,,07/31/17
2670,2666,2678,2651,,07/28/17
2708,2692,2708,2660,,07/27/17
2635,2652,2655,2623,,07/26/17
2607,2646,2650,2603,,07/25/17
2587,0,0,0,0,07/24/17
